{
    "$schema": "https://schema.management.azure.com/schemas/2015-01-01/deploymentParameters.json#",
    "contentVersion": "1.0.0.0",
    "parameters": {
        "virtualNetworks_my_VM_vnet_name": {
            "value": null
        },
        "networkSecurityGroups_my_VM_nsg_name": {
            "value": null
        },
        "images_my_VM_Ubuntu_Custom_image_20260101053248_name": {
            "value": null
        },
        "virtualMachines_my_VM_externalid": {
            "value": null
        },
        "disks_my_VM_OsDisk_1_c6a9b44ee6fe49f7a5a3fbe4d2a08768_externalid": {
            "value": null
        }
    }
}