{
    "$schema": "https://schema.management.azure.com/schemas/2019-04-01/deploymentTemplate.json#",
    "contentVersion": "1.0.0.0",
    "parameters": {
        "virtualNetworks_my_VM_vnet_name": {
            "defaultValue": "my-VM-vnet",
            "type": "String"
        },
        "networkSecurityGroups_my_VM_nsg_name": {
            "defaultValue": "my-VM-nsg",
            "type": "String"
        },
        "images_my_VM_Ubuntu_Custom_image_20260101053248_name": {
            "defaultValue": "my-VM-Ubuntu-Custom-image-20260101053248",
            "type": "String"
        },
        "virtualMachines_my_VM_externalid": {
            "defaultValue": "/subscriptions/be999c17-8b9e-4e5f-ad9e-2547268c05fa/resourceGroups/IntroAzureRG/providers/Microsoft.Compute/virtualMachines/my-VM",
            "type": "String"
        },
        "disks_my_VM_OsDisk_1_c6a9b44ee6fe49f7a5a3fbe4d2a08768_externalid": {
            "defaultValue": "/subscriptions/be999c17-8b9e-4e5f-ad9e-2547268c05fa/resourceGroups/INTROAZURERG/providers/Microsoft.Compute/disks/my-VM_OsDisk_1_c6a9b44ee6fe49f7a5a3fbe4d2a08768",
            "type": "String"
        }
    },
    "variables": {},
    "resources": [
        {
            "type": "Microsoft.Compute/images",
            "apiVersion": "2024-11-01",
            "name": "[parameters('images_my_VM_Ubuntu_Custom_image_20260101053248_name')]",
            "location": "francecentral",
            "properties": {
                "sourceVirtualMachine": {
                    "id": "[parameters('virtualMachines_my_VM_externalid')]"
                },
                "storageProfile": {
                    "osDisk": {
                        "osType": "Linux",
                        "osState": "Generalized",
                        "diskSizeGB": 30,
                        "managedDisk": {
                            "id": "[parameters('disks_my_VM_OsDisk_1_c6a9b44ee6fe49f7a5a3fbe4d2a08768_externalid')]"
                        },
                        "caching": "ReadWrite",
                        "storageAccountType": "StandardSSD_LRS"
                    },
                    "dataDisks": [],
                    "zoneResilient": false
                },
                "hyperVGeneration": "V2"
            }
        },
        {
            "type": "Microsoft.Network/networkSecurityGroups",
            "apiVersion": "2024-07-01",
            "name": "[parameters('networkSecurityGroups_my_VM_nsg_name')]",
            "location": "francecentral",
            "properties": {
                "securityRules": [
                    {
                        "name": "SSH",
                        "id": "[resourceId('Microsoft.Network/networkSecurityGroups/securityRules', parameters('networkSecurityGroups_my_VM_nsg_name'), 'SSH')]",
                        "type": "Microsoft.Network/networkSecurityGroups/securityRules",
                        "properties": {
                            "protocol": "TCP",
                            "sourcePortRange": "*",
                            "destinationPortRange": "22",
                            "sourceAddressPrefix": "*",
                            "destinationAddressPrefix": "*",
                            "access": "Allow",
                            "priority": 300,
                            "direction": "Inbound",
                            "sourcePortRanges": [],
                            "destinationPortRanges": [],
                            "sourceAddressPrefixes": [],
                            "destinationAddressPrefixes": []
                        }
                    }
                ]
            }
        },
        {
            "type": "Microsoft.Network/virtualNetworks",
            "apiVersion": "2024-07-01",
            "name": "[parameters('virtualNetworks_my_VM_vnet_name')]",
            "location": "francecentral",
            "properties": {
                "addressSpace": {
                    "addressPrefixes": [
                        "10.0.0.0/16"
                    ]
                },
                "privateEndpointVNetPolicies": "Disabled",
                "subnets": [
                    {
                        "name": "default",
                        "id": "[resourceId('Microsoft.Network/virtualNetworks/subnets', parameters('virtualNetworks_my_VM_vnet_name'), 'default')]",
                        "properties": {
                            "addressPrefix": "10.0.0.0/24",
                            "delegations": [],
                            "privateEndpointNetworkPolicies": "Disabled",
                            "privateLinkServiceNetworkPolicies": "Enabled"
                        },
                        "type": "Microsoft.Network/virtualNetworks/subnets"
                    }
                ],
                "virtualNetworkPeerings": [],
                "enableDdosProtection": false
            }
        },
        {
            "type": "Microsoft.Network/networkSecurityGroups/securityRules",
            "apiVersion": "2024-07-01",
            "name": "[concat(parameters('networkSecurityGroups_my_VM_nsg_name'), '/SSH')]",
            "dependsOn": [
                "[resourceId('Microsoft.Network/networkSecurityGroups', parameters('networkSecurityGroups_my_VM_nsg_name'))]"
            ],
            "properties": {
                "protocol": "TCP",
                "sourcePortRange": "*",
                "destinationPortRange": "22",
                "sourceAddressPrefix": "*",
                "destinationAddressPrefix": "*",
                "access": "Allow",
                "priority": 300,
                "direction": "Inbound",
                "sourcePortRanges": [],
                "destinationPortRanges": [],
                "sourceAddressPrefixes": [],
                "destinationAddressPrefixes": []
            }
        },
        {
            "type": "Microsoft.Network/virtualNetworks/subnets",
            "apiVersion": "2024-07-01",
            "name": "[concat(parameters('virtualNetworks_my_VM_vnet_name'), '/default')]",
            "dependsOn": [
                "[resourceId('Microsoft.Network/virtualNetworks', parameters('virtualNetworks_my_VM_vnet_name'))]"
            ],
            "properties": {
                "addressPrefix": "10.0.0.0/24",
                "delegations": [],
                "privateEndpointNetworkPolicies": "Disabled",
                "privateLinkServiceNetworkPolicies": "Enabled"
            }
        }
    ]
}